sports,entertainment,politics,tech
@KingJames,@TheRock,@BarackObama,@komal-nathani
@StephenCurry30,@JohnCena,@realDonaldTrump,@vsikka
@KDTrey5,@WWE,@narendramodi,@denharsh
@Cristiano,@selenagomez,@HillaryClinton,@vijayshekhar
@FloydMayweather,@jimmyfallon,@Pontifex,@nixxin
@TheNotoriousMMA,@JLo,@RT_Erdogan,@vkhosla
@kobebryant,@MileyCyrus,@SushmaSwaraj,@VivekKundra
@imVkohli,@KevinHart4real,@HHShkMohd,@nikesharora
@sachin_rt,@iamsrk,@Jokowi,@satyanadella
@ImRaina,@SrBachchan,@POTUS,@Apple
@virendersehwag,@BeingSalmanKhan,@PMOIndia,@SamsungMobile
@hardikpandya7,@EmmaWatson,@WhiteHouse,@amazon
@msdhoni,@ActuallyNPH,@TC_Basbakan,@sundarpichai
@neymarjr,@katyperry,@TCbestepe,@Steve_Ballmer
@KAKA,@justinbieber,@JustinTrudeau,@BillGates
@andresiniesta8,@rihanna,@JuanOrlandoH,@q_larrypage
@MesutOzil1088,@taylorswift13,@queenrania,@sergeybrin
@rogerfederer,@ladygaga,@epn,@ericschmidt
@DjokerNole,@jtimberlake,@kingsalman,@JeffBezos
@CP3,@britneyspears,@medvedevrussia,@larryellison
@RondaRousey,@ArianaGrande,@number10gov,@AlibabaGroup
@3gerardpique,@ddlovato,@juanmansantos,@elonmusk
@10Ronaldinho,@shakira,@statedept,@moskov
@WayneRooney,@akshaykumar,@mauriciomacri,@esaverin
@GarethBale11,@deepikapadukone,@abzayed,@sherylsandberg
@jamesdrodriguez,@aamir_khan,@kremlinrussia,@sparker
@FALCAO,@iHrithik,@najibrazak,@evanspiegel
@RafaelNadal,@priyankachopra,@DalaiLama,@stevewoz
@SHAQ,@arrahman,@ArvindKejriwal,@chrishughes
@SergioRamos,@aliaa08,@arunjaitley,@aaronsw
@LuisSuarez9,@AnushkaSharma,@thekiranbedi,@infosys_nmurthy
@aguerosergiokun,@juniorbachchan,@ndtv,@NandanNilekani
@StephenCurry30,@shahidkapoor,@rajnathsingh,@kris_sg
@XabiAlonso,@sonakshisinha,@AmitShah,@tvmohandaspai
@ImRo45,@AnupamPKher,@BJP4India,@RNTata2000
@Carles5puyol,@mangeshkarlata,@smritiirani,@kiranshaw
@serenawilliams,@KapilSharmaK9,@sardesairajdeep,@mukeshambaani
@D_DeGea,@sonamakapoor,@yadavakhilesh,@mangalam99
@rioferdy5,@ParineetiChopra,@Swamy39,@Oracle
@MarceloM12,@FarOutAkhtar,@BDUTT,@anandmahindra
@cesc4official,@ShraddhaKapoor,@ShashiTharoor,@IBM
@Persie_Official,@ShraddhaKapoor,@manoharparrikar,@Microsoft
@carmeloanthony,@Riteishd,@LalitKModi,@intel
@CH14_,@Varun_dvn,@mbuhari,@Adobe
@Guaje7Villa,@/S1dharthM,@lvidegaray,@Dell
@DavidLuiz_4,@thevirdas,@kbzayed,@RedHatNews
@DaniAlvesD2,@RelatableQuote,@medvedevrussiae,@Accenture
@MariaSharapova,@lemontwittor,@poroshenko,@hp
@SpiderAnderson,@miabuelasabia,@ppkamigo,@VMware
@ashwinravi99,@Dory,@mid_rf,@Cisco
@SportsCenter,@AllIndiaBakchod,@indiandiplomacy,@amazon
@espn,@BrunoMars,@tc_disisleri Turkey,@amazonin
@wrestlersushil,@NiallOfficial,@ksamofa,@SAP
@abhinav_bindra,@Drake,@jaarreaza,
@boxervijender,@LilTunechi,@presidencia_ec,
@duttyogi,@wizkhalifa,@meaindia,
@gagunnarang,@Pink,@marianorajoy,
@nsaina,@Louis_Tomlinson,@alsisiofficial,
@geeta_phogat,@LiamPayne,@moonriver365,
@phogat_vinesh,@Harry_Styles,@gobmx,
@babitaphogat,@onedirection,@paulkagame,
@sakshimalik,@aliciakeys,@elysee,
@pvsindhu1,@Adele,@adelaljubeir,
@mangtec,@chrisbrown,@emmanuelmacron,
@guttajwala,@pitbull,@putinrf,
@dipakarmakar,@zaynmalik,@ukenyatta,
@WWEDanielBryan,@coldplay,@presidenciamx,
@AaronRodgers12,@Eminem,@royalfamily,
@ajinkyarahane88,@davidguetta,@nicolasmaduro,
@blakegriffin23,@AvrilLavigne,@rashtrapatibhvn,
@paulpierce34,@NICKIMINAJ,,
@raphaelvarane,@edsheeran,,
@_Pedro17_,@Beyonce,,
@isco_alarcon,@daddy_yankee,,
@TimTebow,@programapanico,,
@manuginobili,@showdavida,,
@YUVSTRONG12,@Legendarios,,
@Ibra_official,@TheDailyShow,,
@BSchweinsteiger,@TheXFactor,,
@paulpogba,@WalkingDead_AMC,,
@AntoGriezmann,@GameOfThrones,,
@IrfanBachdim10,@bigbangtheory,,
@ImZaheer,@GreysABC,,
@usainbolt,@PLLTVSeries,,
@PochoLavezzi,@FallonTonight,,
@JJWatt,@cw_spn,,
@hazardeden10,@MTV,,
@LewisHamilton,@TheEllenShow,,
@DangeRussWilson,@Oprah,,
@MikeTyson,@KendallJenner,,
@ValeYellow46,@tyrabanks,,
@JHarden13,@karanjohar,,
@ABdeVilliers17,@Trevornoah,,
@RandyOrton,@kevadamsss,,
@ToniKroos,@yokoono,,
@G_Higuain,@joerogan,,
@GaryLineker,@ARMurugadoss,,
@TheNotoriousMMA,@MaheshNBhatt,,
@TripleH,@DAVID_LYNCH,,
@SamiAlJaber,@thetanmay,,
@DwightHoward,@ZooeyDeschanel,,
@NSaina,@TomCruise,,
@CP3,@ChespiritoRGB,,
@juanmata8,@okanbayulgen,,
@paugasol,@shrutihaasan,,
,@OMARCHAPARRO,,
,@jimmycarr,,
,@bellathorne,,
,@imdanielpadilla,,
,@dhanushkraja,,
,@shireensungkar,,
,@AnnaKendrick47,,
,@DulceMaria,,
,@SamuelLJackson,,
,@GalileaMontijo,,
,@DebbouzeJamel,,
,@VanessaHudgens,,
,@thevirdas,,
,@Sethrogen,,
,@iansomerhalder,,
,@S1dharthM,,
,@ninadobrev,,
,@EvaLongoria,,
,@lucyhale,,
,@MirandaCosgrove,,
,@gadelmaleh,,
,@colesprouse,,
,@bernardokath,,
,@inijedar,,
,@IAMQUEENLATIFAH,,
,@troyesivan,,
,@ChrisEvans,,
,@SteveMartinToGo,,
,@channingtatum,,
,@Riteishd,,
,@ajaydevgn,,
,@RanveerOfficial,,